property_type_en,rooms_en,reg_type_en,area_name_en,median_price_sqft,transaction_count,growth_2023_to_2024,recent_growth,growth_score,price_score,volume_score,investment_score
Apartment,1 B/R,Existing Properties,Marsa Dubai,1326.1624396135267,16374,10.231491948529836,10.231491948529836,36.81615549253494,92.36203456337746,100.0,62.435072566027216
Villa,4 B/R,Existing Properties,Island 2,4191.345224823486,14,142.10031031918854,142.10031031918854,100.0,70.1162337152971,0.07939901056617601,61.05074991670236
Apartment,1 B/R,Existing Properties,Al Barsha South Fourth,721.7800074321814,13234,14.959704809188135,14.959704809188135,39.081639250388214,97.05456981515526,80.82208514016979,60.91344367273582
Apartment,2 B/R,Existing Properties,Marsa Dubai,1213.714232627276,13869,14.310304987150404,14.310304987150404,38.77048474179563,93.23510291742893,84.70042142551762,60.41880905705045
Apartment,1 B/R,Existing Properties,Al Thanyah Fifth,943.2808435525828,10598,14.371793695523948,14.371793695523948,38.799946543583516,95.33479699177616,64.72240884382825,57.0648994837319
Villa,3 B/R,Existing Properties,Al Thanayah Fourth,659.787718320327,8318,22.64928487362741,22.64928487362741,42.76603740548186,97.53588923561865,50.79704391376046,56.52659051563043
Villa,2 B/R,Existing Properties,Al Thanayah Fourth,647.5106837606838,5582,31.58880275391329,31.58880275391329,47.04933284028318,97.6312103673903,34.08660599767911,54.92641744586618
Apartment,1 B/R,Existing Properties,Nadd Hessa,645.2863712374582,7936,16.55751469353486,16.55751469353486,39.84721653038845,97.64848033483216,48.463934526354365,54.9262176178759
Villa,4 B/R,Existing Properties,Jumeirah First,2337.928279450018,27,86.95416118019132,86.95416118019132,73.57718257101514,84.5065003565977,0.15879802113235203,54.81458273961184
Apartment,1 B/R,Existing Properties,Business Bay,1194.1164994425865,10134,8.48334260082224,8.48334260082224,35.97854431252941,93.38726328630692,61.88847492823551,54.78529169655094
Apartment,4 B/R,Existing Properties,Al Thanyah Fifth,822.3230211817169,89,65.93632068607572,65.93632068607572,63.50665959165413,96.2739355491379,0.5374702253710377,54.39233854647723
Villa,3 B/R,Existing Properties,Wadi Al Safa 6,727.6279728725382,115,64.43627768946236,64.43627768946236,62.78792650051408,97.00916514665587,0.6962682465033897,54.35717379350307
Apartment,Studio,Existing Properties,Al Barsha South Fourth,853.7290969899666,7323,19.243559465871066,19.243559465871066,41.134212480851474,96.03009305802128,44.719965797349296,54.206706069216835
Apartment,5 B/R,Existing Properties,Burj Khalifa,3237.9487179487182,23,93.80810382925677,93.80810382925677,76.86119202793155,77.51857779284515,0.13436755634275943,54.02692366029472
Apartment,1 B/R,Existing Properties,Al Hebiah Fourth,675.2554812337421,7446,15.279976001531193,15.279976001531193,39.23509452106748,97.41579470792801,45.471202589629264,54.01301673873125
Apartment,PENTHOUSE,Existing Properties,Al Thanyah Fifth,718.4766350798959,46,60.01413281721453,60.01413281721453,60.6690926666336,97.08021779958939,0.274842728882917,53.44667095230684
Apartment,Studio,Existing Properties,Al Hebiah Fourth,818.0829617242662,5952,21.91235884208205,21.91235884208205,42.41294544359146,96.3068561428122,36.346423990716424,53.12651981842353
Apartment,2 B/R,Existing Properties,Al Thanyah Fifth,909.0440356744706,6893,16.69951807988943,16.69951807988943,39.91525626862089,95.60061780211397,42.093690832468084,53.06502601457617
Apartment,1 B/R,Existing Properties,Burj Khalifa,1611.7695559271647,8093,11.240973465274063,11.240973465274063,37.299840141985925,90.14452890785535,49.42283026934587,51.84786078302015
Apartment,Studio,Existing Properties,Me'Aisem First,881.5798030471944,4785,19.99993856003146,19.99993856003146,41.49662521545106,95.81385510502726,29.218835888352775,51.18657379535916
Apartment,4 B/R,Existing Properties,Al Hebiah First,666.9625603864735,52,46.45091028830453,46.45091028830453,54.170387712153804,97.48018245539373,0.3114884260673059,50.9745075066931
Apartment,2 B/R,Existing Properties,Al Barsha South Fourth,682.2310479375697,4687,15.693598369251394,15.693598369251394,39.43327822885944,97.36163513790098,28.620289501007758,50.705859733115624
Apartment,1 B/R,Existing Properties,Wadi Al Safa 2,577.0111018208844,2945,25.239027503974864,25.239027503974864,44.006890987791934,98.17858195841106,17.98082208514017,50.652495399668126
Apartment,3 B/R,Existing Properties,Al Hebiah First,739.0249907097733,147,44.90741256870199,44.90741256870199,53.430833652915396,96.9206766249539,0.8917119648201307,50.62687884161636
Apartment,Studio,Existing Properties,Dubai Investment Park Second,673.373281308064,537,41.33199809072785,41.33199809072785,51.717703625534156,97.43040845086931,3.2736822818054114,50.57094044183554
Apartment,1 B/R,Existing Properties,Al Hebiah Fifth,780.9659513192123,3507,21.07008347701789,21.07008347701789,42.009376227182045,96.59503937000774,21.413302388077934,50.06492277949072
Apartment,2 B/R,Existing Properties,Burj Khalifa,1702.7631456707545,6999,9.357186362855495,9.357186362855495,36.39723926305922,89.43803810861668,42.74109814939229,49.93852676768715
Apartment,3 B/R,Existing Properties,Marsa Dubai,1212.3982720178374,5632,12.054817567237542,12.054817567237542,37.68978675580361,93.24532027521587,34.39198680754902,49.927908146396014
Apartment,Studio,Existing Properties,Nadd Hessa,807.0248049052396,3418,21.238316781209,21.238316781209,42.0899838117826,96.39271368586765,20.8697245465095,49.927752539775234
Apartment,1 B/R,Existing Properties,Wadi Al Safa 5,658.3644555927165,3093,21.372332135841354,21.372332135841354,42.15419615123727,97.54693970658907,18.884749282355095,49.90271022894265
Apartment,2 B/R,Existing Properties,Al Hebiah Fourth,646.9567539947975,3940,15.384593236687172,15.384593236687172,39.2852209967618,97.63551117895433,24.057900201551334,49.81632179270129
Apartment,2 B/R,Existing Properties,Wadi Al Safa 5,626.7103307320699,3118,20.143253403408856,20.143253403408856,41.56529332737815,97.79270809571425,19.03743968729005,49.77141769712354
Villa,3 B/R,Existing Properties,Al Yelayiss 1,638.6636008918617,3106,20.293900684523543,20.293900684523543,41.63747471569292,97.69990072969534,18.964148292921273,49.75778976377002
Apartment,2 B/R,Existing Properties,Al Hebiah First,840.685618729097,300,40.53418335989669,40.53418335989669,51.33543735120605,96.13136499824631,1.8261772430220484,49.73881988856073
Apartment,PENTHOUSE,Existing Properties,Al Thanyah Third,931.9987922705316,41,41.42638867692485,41.42638867692485,51.76293008767228,95.42239289221013,0.2443046478959262,49.38075083231113
Villa,1 B/R,Existing Properties,Saih Shuaib 2,657.3662207357861,60,37.81887862301585,37.81887862301585,50.03442173276599,97.5546901837808,0.3603493556464912,49.35224561936994
Apartment,2 B/R,Existing Properties,Business Bay,1198.5936919360834,4927,11.57635800753507,11.57635800753507,37.46053684822973,93.35250154856266,30.086117388383315,49.00718868153736
Apartment,2 B/R,Existing Properties,Hessyan First,576.4887588257154,40,35.08749205409312,35.08749205409312,48.725700638629064,98.18263752453582,0.23819703169852807,48.99271091915208
Villa,4 B/R,Existing Properties,Al Yelayiss 1,615.0044128576737,1670,24.99823087953219,24.99823087953219,43.891515293486826,97.88359497355046,10.193611433457521,48.960406896151376
Apartment,2 B/R,Existing Properties,Al Hebiah Fifth,757.1028428093646,3001,17.89680297687466,17.89680297687466,40.488925341393006,96.78031688956652,18.322848592194468,48.89423492186605
Villa,4 B/R,Existing Properties,Hadaeq Sheikh Mohammed Bin Rashid,1069.034745447789,1498,30.282064298800822,30.282064298800822,46.423220008001046,94.3584207996985,9.143101447505039,48.70543453261097
Villa,3 B/R,Existing Properties,Al Yelayiss 2,734.5903010033445,2826,17.52582166522194,17.52582166522194,40.31117273998003,96.9551083633203,17.25401575764979,48.66180475651806
Villa,5 B/R,Existing Properties,Al Barsha South Fourth,647.8920475659606,68,33.939937320280464,33.939937320280464,48.17585935878063,97.6282493893659,0.40921028522567643,48.64066061736716
Apartment,Studio,Existing Properties,Al Thanyah Fifth,1141.164994425864,3845,15.356207485796268,15.356207485796268,39.271620200965806,93.7983884128743,23.47767666279851,48.543699936808316
Apartment,4 B/R,Existing Properties,Al Wasl,1502.7754552211074,86,42.85544334666557,42.85544334666557,52.44764971404951,90.99077895181017,0.5191473767788433,48.38012304651862
Apartment,2 B/R,Existing Properties,Nadd Hessa,661.2146971386103,1736,21.98117650815445,21.98117650815445,42.44591885433564,97.52480991224361,10.5967141024858,48.3551533359045
Apartment,Studio,Existing Properties,Al Safouh First,1026.0052025269415,40,37.037016970852285,37.037016970852285,49.65979924302929,94.69251000592376,0.23819703169852807,48.31931210532855
Apartment,2 B/R,Existing Properties,Al Thanyah First,904.5155146785582,784,30.434842495282453,30.434842495282453,46.49642240664159,95.63577806369709,4.7822634825627555,48.245755078278314
Apartment,1 B/R,Existing Properties,Al Warsan First,625.9476031215162,3201,11.320304256654756,11.320304256654756,37.3378508290398,97.79863005176301,19.5443718316741,48.18360371347964
Apartment,6 B/R,Existing Properties,Burj Khalifa,2514.0477517651434,10,54.3886751097964,54.3886751097964,57.973701523673945,83.13907670501933,0.0549685457765834,48.1421973301307
Apartment,Studio,Existing Properties,Hessyan First,585.6419546636938,28,30.43482758977436,30.43482758977436,46.49641526479171,98.11157044539998,0.1649056373297502,48.06501836700263
Apartment,5 B/R,Existing Properties,Palm Jumeirah,1616.103446674099,113,42.05030895914055,42.05030895914055,52.061876287264084,90.11087979096433,0.6840530141085934,47.994825055016655
Apartment,2 B/R,Existing Properties,Me'Aisem First,695.6089743589744,2950,12.62656795759456,12.62656795759456,37.96373618681966,97.2577664812599,18.01136016612716,47.96509645233127
Apartment,3 B/R,Existing Properties,Wadi Al Safa 3,708.2831661092531,161,30.133232951398117,30.133232951398117,46.351908709179085,97.15936174874425,0.9772185915837048,47.88401572661165
Apartment,3 B/R,Existing Properties,Al Thanyah First,686.3429022668154,80,30.213590923051516,30.213590923051516,46.39041156109372,97.32970995218615,0.4825016795944543,47.85157794601223
Apartment,3 B/R,Existing Properties,Al Hebiah Second,600.9750092902267,56,29.206563186072486,29.206563186072486,45.90790261975218,97.9925218173769,0.3359188908568986,47.828101371285314
Villa,4 B/R,Existing Properties,Al Yelayiss 2,585.3451319212188,979,23.09258864402284,23.09258864402284,42.978442709816264,98.11387503121921,5.973248641055396,47.820189321503356
Apartment,1 B/R,Existing Properties,Me'Aisem First,746.1900780379042,3599,8.315314432950839,8.315314432950839,35.89803501728556,96.86504558229112,21.975203078238565,47.813768297249275
Apartment,2 B/R,Existing Properties,Al Hebiah Sixth,964.4829988851728,97,32.895831367135095,32.895831367135095,47.67558469940342,95.1701795972024,0.5863311549502229,47.73855398991214
Apartment,3 B/R,Existing Properties,Al Warsan First,565.3539576365663,43,27.248389450734443,27.248389450734443,44.96966000606292,98.2690901484366,0.25651988029072254,47.51989502301429
Apartment,Studio,Existing Properties,Business Bay,1385.5425492382014,4924,5.813248256246917,5.813248256246917,34.69919087649796,91.90099658008842,30.06779453979112,47.46353423258394
Villa,3 B/R,Existing Properties,Al Thanyah Third,833.3454106280193,1977,17.46458789301264,17.46458789301264,40.281833088729016,96.18835571047694,12.068649606058756,47.38296986984644
Apartment,5 B/R,Existing Properties,Al Goze Fourth,436.874767744333,172,23.688900119755218,23.688900119755218,43.264160380045084,99.26662597275431,1.0444023697550846,47.294532417795345
Apartment,PENTHOUSE,Existing Properties,Palm Jumeirah,1318.220457079153,178,34.336071483342096,34.336071483342096,48.365663739165896,92.42369756188165,1.0810480669394735,47.289584377618745
Villa,2 B/R,Existing Properties,Al Barsha South Fourth,667.9612597547382,80,26.899928402456407,26.899928402456407,44.802697801021985,97.47242837165143,0.4825016795944543,47.25930796782311
Apartment,2 B/R,Existing Properties,Wadi Al Safa 4,599.4723151244891,11,26.42711769246964,26.42711769246964,44.576154492676736,98.00418900849613,0.06107616197398155,47.24393373201433
Apartment,Studio,Existing Properties,Al Goze Fourth,601.6452991452992,475,23.495714005800416,23.495714005800416,43.17159686475815,97.98731756489312,2.8950100775667256,47.243836030884545
Villa,3 B/R,Existing Properties,Al Barsha South Fourth,971.6843180973616,1835,19.10092463329579,19.10092463329579,41.065870190428775,95.11426724359454,11.201368106028218,47.20090187045552
Villa,2 B/R,Existing Properties,Wadi Al Safa 7,714.7770345596432,615,23.738967961516686,23.738967961516686,43.28814996884832,97.1089421716664,3.7500763452024675,47.19795790807975
Apartment,3 B/R,Existing Properties,Al Thanyah Fifth,894.7122352285396,2159,16.038107687982595,16.038107687982595,39.59834699564631,95.71189251036658,13.180235753985219,47.188953702165534
Apartment,3 B/R,Existing Properties,Al Yelayiss 2,710.7710888145671,1039,20.83664324201744,20.83664324201744,41.89752528552428,97.14004506384947,6.3397056128992855,47.16896475594441
Apartment,Studio,Existing Properties,Al Barsha South Fifth,851.2516257896693,711,24.593549678538885,24.593549678538885,43.69761567116077,96.04932859552805,4.33640750015269,47.161126347153264
Apartment,2 B/R,Existing Properties,Palm Jumeirah,1629.1576086956522,5864,1.2022980269386307,1.2022980269386307,32.48989253046001,90.00952490007602,35.808953765345386,47.16060523527589
Villa,3 B/R,Existing Properties,Wadi Al Safa 7,931.802768487551,2440,14.436562470056248,14.436562470056248,38.830979961714895,95.42391485655396,14.896475905454102,47.138861622742965
Villa,4 B/R,Existing Properties,Wadi Al Safa 7,947.8846153846156,982,23.649089507088195,23.649089507088195,43.24508545701491,95.29905246899945,5.9915714896475905,47.086064221435315
Apartment,3 B/R,Existing Properties,Dubai Investment Park Second,462.4400780379042,114,22.89559485286372,22.89559485286372,42.884054777753754,99.06813224860313,0.6901606303059916,47.01209371174364
Apartment,2 B/R,Existing Properties,Al Yelayiss 2,778.2966369379412,2178,13.546603705641669,13.546603705641669,38.40456364219672,96.61576441290316,13.296280461735785,47.00581087309679
Apartment,3 B/R,Existing Properties,Al Hebiah Fourth,604.8411371237459,242,23.74273600239194,23.74273600239194,43.28995539420742,97.96250449691775,1.4719355035729556,46.99912060747288
Apartment,1 B/R,Existing Properties,Al Safouh First,1047.4075622445189,236,28.77971527266228,28.77971527266228,45.703382002046794,94.52633818805096,1.4352898063885666,46.92631221851172
Apartment,Studio,Existing Properties,Al Barshaa South Third,874.1016350798959,2043,14.942572640506334,14.942572640506334,39.073430514650376,95.8719169627795,12.471752275087033,46.885297749711405
Villa,3 B/R,Existing Properties,Wadi Al Safa 5,1128.7681159420292,2097,17.64386808277001,17.64386808277001,40.3677336964152,93.89464003469502,12.801563549746534,46.875798198923896
Apartment,Studio,Existing Properties,Al Hebiah Fifth,885.6150130063174,871,22.35652239139927,22.35652239139927,42.625762703825494,95.78252500015779,5.3136260917363956,46.84778779992482
Apartment,2 B/R,Existing Properties,Dubai Investment Park Second,533.4262356001487,566,19.40717550043776,19.40717550043776,41.21260773922052,98.5169827958521,3.450803151529958,46.73029856474982
Apartment,3 B/R,Existing Properties,Nad Al Shiba First,874.392883686362,78,26.34790049660314,26.34790049660314,44.538198233966064,95.86965565556721,0.47028644719965795,46.67023327969652
Apartment,1 B/R,Existing Properties,Hadaeq Sheikh Mohammed Bin Rashid,1522.9868078781124,2083,21.295142406592205,21.295142406592205,42.1172113362468,90.83385432961889,12.71605692298296,46.64025221798097
Apartment,Studio,Existing Properties,Al Warsan First,772.1093459680417,2135,11.612256195796444,11.612256195796444,37.47773716573641,96.66380366659965,13.033652965247663,46.59696655932399
Apartment,1 B/R,Existing Properties,Al Barshaa South Third,808.7360646599777,1887,13.19376664714611,13.19376664714611,38.23550470835695,96.37942715353897,11.518964148292921,46.51182285906305
Villa,1 B/R,Existing Properties,Wadi Al Safa 7,850.7539018952064,194,24.486861748678063,24.486861748678063,43.646497039368654,96.05319301447219,1.178769926097844,46.51031070530868
Apartment,2 B/R,Existing Properties,Al Goze Fourth,562.5696767001115,186,20.94581506962332,20.94581506962332,41.94983405620468,98.29070781260003,1.1299089965186588,46.49312776556561
Apartment,Studio,Existing Properties,Wadi Al Safa 5,690.9626997398736,2301,8.640291659082688,8.640291659082688,36.05374514480537,97.2938410034145,14.047517254015757,46.419153809749645
Villa,2 B/R,Existing Properties,Madinat Al Mataar,1137.936640654032,126,27.900638733101047,27.900638733101047,45.28217980980696,93.82345393939012,0.7634520246747695,46.412598510674776
Apartment,2 B/R,Existing Properties,Wadi Al Safa 2,533.786696395392,1757,9.921011337740481,9.921011337740481,36.66739129735154,98.51418411260373,10.72497404263116,46.36620656124797
Villa,3 B/R,Existing Properties,Madinat Al Mataar,1134.3076458565588,882,22.680570378060597,22.680570378060597,42.781027594003056,93.85163011577929,5.380809869907775,46.344062046316566
Apartment,2 B/R,Existing Properties,Warsan Fourth,567.2361575622446,187,20.111693431326103,20.111693431326103,41.55017162997177,98.2544764054953,1.136016612716057,46.32361489618051
Apartment,2 B/R,Existing Properties,Jabal Ali First,715.1721014492755,2154,9.348885660032137,9.348885660032137,36.393262050531085,97.10587480039996,13.14969767299823,46.319006794932065
Apartment,3 B/R,Existing Properties,Al Hebiah Fifth,645.3669639539205,1012,15.456587696939671,15.456587696939671,39.31971654194221,97.6478545983069,6.1747999755695355,46.25720299138286
Apartment,2 B/R,Existing Properties,Hadaeq Sheikh Mohammed Bin Rashid,1620.7785209959125,2565,16.743040152577993,16.743040152577993,39.93610950676599,90.07458166267392,15.659927930128871,46.128803887534346
Apartment,Studio,Existing Properties,Wadi Al Safa 3,730.2703455964327,328,20.13213475727917,20.13213475727917,41.55996592081705,96.98864928369397,1.997190496549197,46.120019252744854
Apartment,4 B/R,Existing Properties,Um Suqaim Third,3071.75353028614,28,50.45896519395002,50.45896519395002,56.090813792137816,78.8089474913285,0.1649056373297502,46.11199089171963
Apartment,1 B/R,Existing Properties,Warsan Fourth,584.3696581196582,490,17.176124974851525,17.176124974851525,40.143618487336056,98.12144878743261,2.986624320527698,46.09120689526974
Apartment,3 B/R,Existing Properties,Me'Aisem First,813.7634708286882,413,20.29074407884705,20.29074407884705,41.63596225440982,96.34039345663528,2.51633787332804,46.05977051342012
Apartment,3 B/R,Existing Properties,Madinat Al Mataar,567.8381642512078,508,16.694451306985304,16.694451306985304,39.91282856664188,98.24980231594645,3.096561412080865,46.05938440385686
Apartment,1 B/R,Existing Properties,Al Barsha South Fifth,721.679672984021,929,15.494009974958644,15.494009974958644,39.33764711434502,97.05534883008008,5.667867831185489,45.985237060999125
Villa,4 B/R,Existing Properties,Madinat Al Mataar,766.2850706057229,446,18.995417943518376,18.995417943518376,41.01531753997083,96.70902440101958,2.717889207842179,45.96241217786264
Apartment,3 B/R,Existing Properties,Al Goze Fourth,585.3344481605352,22,19.16998844903459,19.16998844903459,41.09896154173267,98.11395798188249,0.12825994014536127,45.89942399928689
Apartment,2 B/R,Existing Properties,Al Hebiah Third,887.4986064659978,710,18.4425411296234,18.4425411296234,40.75041122570682,95.76790043756475,4.330299883955292,45.896594598343206
Apartment,Studio,Existing Properties,Warsan Fourth,680.7861854329246,569,16.648926204481306,16.648926204481306,39.89101559346641,97.37285331347326,3.469126000122152,45.86208743145297
Apartment,2 B/R,Existing Properties,Al Thanyah Third,1191.5607580824972,1251,18.40940676004128,18.40940676004128,40.73453516886944,93.40710652758605,7.6345202467476945,45.84285007517313
Apartment,3 B/R,Existing Properties,Hadaeq Sheikh Mohammed Bin Rashid,1353.8173541434412,955,22.230901889692145,22.230901889692145,42.56557268813503,92.14731677145198,5.8266658523178405,45.83575727715318
Apartment,Studio,Existing Properties,Al Thanyah First,1046.570512820513,604,20.58964572006248,20.58964572006248,41.77917848289301,94.53283719219218,3.6828925670310877,45.80810106422107
Apartment,3 B/R,Existing Properties,Al Barsha South Fourth,676.9212188777407,834,14.583755766677651,14.583755766677651,38.9015064021667,97.40286161755597,5.087644292432664,45.79898990462001
Apartment,4 B/R,Existing Properties,Al Barsha South Fourth,594.3176328502416,97,18.021332320843708,18.021332320843708,40.54859253795377,98.04421090025814,0.5863311549502229,45.749966516248996
Apartment,Studio,Existing Properties,Al Yelayiss 2,1096.6536603493123,214,23.24196611766141,23.24196611766141,43.05001568046933,94.1439825154428,1.300922250045807,45.72338547682973
Apartment,1 B/R,Existing Properties,Palm Jumeirah,1607.6960237829803,2480,14.78260578238213,14.78260578238213,38.996783728738805,90.17615655314748,15.140780553350028,45.679716568109775
Apartment,1 B/R,Existing Properties,Jabal Ali First,784.6177071720551,1566,10.04995130161792,10.04995130161792,36.729171805655874,96.56668647264026,9.558419348928114,45.57335853384004
Villa,6 B/R,Existing Properties,Al Goze Fourth,394.4581475287997,11,14.463997535098327,14.463997535098327,38.84412524431536,99.59595633549216,0.06107616197398155,45.428652230768584
Apartment,1 B/R,Existing Properties,Al Yelayiss 2,844.4878762541806,1099,12.932991285988017,12.932991285988017,38.11055636898169,96.10184357849161,6.706162584743175,45.4160081380888
Apartment,2 B/R,Existing Properties,Al Warsan First,582.9143441099964,703,11.909845554825193,11.909845554825193,37.62032462515458,98.13274811039291,4.287546570573505,45.345463597294405
Apartment,1 B/R,Existing Properties,Al Merkadh,1541.5575065031587,3219,7.3112284247803805,7.3112284247803805,35.416935580767976,90.68966804406844,19.654308923227266,45.30453643017317
Apartment,2 B/R,Existing Properties,Madinat Al Mataar,669.380341880342,1696,6.300908385183135,6.300908385183135,34.93284916008543,97.4614103596362,10.352409454589873,45.282044662843006
Apartment,1 B/R,Existing Properties,Dubai Investment Park First,342.41871051653663,2,,,38.012428151859005,100.0,0.006107616197398156,45.206192783983084
Apartment,PENTHOUSE,Existing Properties,Nadd Hessa,348.2590115198811,1,,,38.012428151859005,99.95465483958513,0.0,45.19136771261914
Villa,3 B/R,Existing Properties,Jabal Ali First,883.9367335562988,220,17.72488083638015,17.72488083638015,40.40655028164338,95.79555546739543,1.337567947230196,45.16880034232202
Apartment,6 B/R,Existing Properties,Al Goze Fourth,485.5202526941657,6,14.15014800262484,14.15014800262484,38.693746858404545,98.88893357004326,0.030538080986990776,45.150286430572194
Apartment,2 B/R,Existing Properties,Al Khairan First,1817.2122352285396,2374,15.202096500693685,15.202096500693685,39.19777920777329,88.54943453795129,14.493373236425823,45.142616691779864
Apartment,2 B/R,Existing Properties,Al Safouh First,999.7751765143072,266,18.51849708258473,18.51849708258473,40.786804887078944,94.89616470395178,1.6185182923105113,45.107275024479215
Villa,3 B/R,Existing Properties,Saih Shuaib 2,545.9859253065774,129,13.819254484728472,13.819254484728472,38.535201989028934,98.41946707805387,0.7817748732669639,45.096275893681124
Apartment,3 B/R,Existing Properties,Al Hebiah Third,813.8089929394278,396,15.272685321831501,15.272685321831501,39.23160125269524,96.34004001467866,2.4125083979722715,45.077154185076154
Villa,2 B/R,Existing Properties,Wadi Al Safa 6,633.8482441471572,44,15.24337630697392,15.24337630697392,39.21755808266983,97.73728803626027,0.26262749648812067,45.06073514324363
Apartment,1 B/R,Existing Properties,Al Hebiah Third,930.7002508361204,1457,9.81625441330416,9.81625441330416,36.61719789070358,95.43247500435041,8.892689183411715,45.05515949426889
Apartment,1 B/R,Existing Properties,Mirdif,877.9517372723894,200,17.148764978365016,17.148764978365016,40.13050917320791,95.84202406831528,1.2154156232822328,45.0478940144342
Apartment,Studio,Existing Properties,Burj Khalifa,1922.8734671125976,2497,14.664738986799676,14.664738986799676,38.94030883667037,87.72906149439227,15.244610028705797,44.943763988726985
Villa,3 B/R,Existing Properties,Hadaeq Sheikh Mohammed Bin Rashid,1192.044778892605,974,15.344278496754182,15.344278496754182,39.265904525356675,93.40334850188397,5.942710560068405,44.91590847272154
Apartment,4 B/R,Existing Properties,Nadd Hessa,471.2541806020067,1,,,38.012428151859005,98.99969795138911,0.0,44.904880646160336
Apartment,1 B/R,Existing Properties,Wadi Al Safa 3,699.9934968413229,550,12.000027860391604,12.000027860391604,37.663534724726546,97.22372425035593,3.3530812923715874,44.903147423471715
Apartment,Studio,Existing Properties,Wadi Al Safa 2,885.9599126718693,106,17.084673296105123,17.084673296105123,40.09980017819176,95.77984713635377,0.6412997007268063,44.902134152328195
Apartment,2 B/R,Existing Properties,Al Hebiah Second,561.5551839464883,168,12.704558103350916,12.704558103350916,38.00110451470392,98.29858451906198,1.019971904965492,44.89401154259326
Apartment,2 B/R,Existing Properties,Wadi Al Safa 3,707.8237643998514,646,11.38725496561186,11.38725496561186,37.36992970285302,97.1629286272657,3.93941244732181,44.88473295878528
Villa,4 B/R,Existing Properties,Wadi Al Safa 5,903.3983649201041,1471,8.426113575850014,8.426113575850014,35.951123502516566,95.64445181783674,8.978195810175288,44.86942410839271
Apartment,Studio,Existing Properties,Al Hebiah Third,1040.3706800445932,1159,12.066374362044275,12.066374362044275,37.695324097649056,94.58097382275427,7.072619556587064,44.86694569720331
Apartment,4 B/R,Existing Properties,Al Goze Fourth,513.6357302118172,32,,,38.012428151859005,98.67063988321989,0.18933610211934282,44.84403044613344
Villa,5 B/R,Existing Properties,Me'Aisem First,1595.649386845039,48,25.7033101757254,25.7033101757254,44.22934815774199,90.26968883583253,0.2870579612777133,44.830057506102094
Apartment,1 B/R,Existing Properties,Al Goze Fourth,506.3963210702342,513,9.35544145057301,9.35544145057301,36.39640320289202,98.72684797397513,3.1270994930678557,44.80203557196292
Villa,4 B/R,Existing Properties,Al Barsha South Fourth,1002.3625046451134,744,13.720150967395297,13.720150967395297,38.48771736524379,94.87607621723336,4.53795883466683,44.76550157820089
Apartment,1 B/R,Existing Properties,Hessyan First,589.4992567818655,91,12.655969264201447,12.655969264201447,37.97782357766701,98.08162164940181,0.549685457765834,44.72555301744051
Apartment,7 B/R,Existing Properties,Business Bay,576.929580081754,2,,,38.012428151859005,98.17921490803747,0.006107616197398156,44.65995725639432
Apartment,1 B/R,Existing Properties,Dubai Investment Park Second,551.5310293571164,367,9.9345734393113,9.9345734393113,36.6738894652083,98.3764138805312,2.235387528247725,44.629557455892225
Apartment,4 B/R,Existing Properties,Warsan Fourth,598.4443515421776,3,,,38.012428151859005,98.01217030492484,0.012215232394796311,44.61106539870001
Apartment,4 B/R,Existing Properties,Al Yelayiss 2,604.7658862876254,12,,,38.012428151859005,97.96308875811135,0.06718377817137972,44.607334643811285
Villa,2 B/R,Existing Properties,Wadi Al Safa 2,611.5644741731699,23,,,38.012428151859005,97.91030328385446,0.13436755634275943,44.6049357571685
Villa,3 B/R,Existing Properties,Wadi Al Safa 2,624.2094017094017,37,,,38.012428151859005,97.8121257640252,0.2198741831063336,44.59258382657243
Apartment,3 B/R,Existing Properties,Dubai Investment Park First,638.6324786324788,32,,,38.012428151859005,97.70014236858405,0.18933610211934282,44.552881191742685
Villa,4 B/R,Existing Properties,Jabal Ali First,853.2492567818656,218,14.131335147230107,14.131335147230107,38.68473283564549,96.03381862476817,1.3253527148353998,44.549109264655726
Apartment,4 B/R,Existing Properties,Nad Al Shiba First,636.091833890747,7,,,38.012428151859005,97.71986839696942,0.03664569718438893,44.528260919271304
Apartment,Studio,Existing Properties,Al Hebiah Second,786.0948532144184,192,13.293160184551043,13.293160184551043,38.28312829284064,96.55521764180281,1.1665546937030478,44.51312754841771
Apartment,3 B/R,Existing Properties,Nadd Hessa,650.4719435154218,389,10.251197314740246,10.251197314740246,36.82559715440759,97.60821860745672,2.3697550845904845,44.48665546091815
Apartment,3 B/R,Existing Properties,Burj Khalifa,1822.7480490523967,1840,15.213019441889376,15.213019441889376,39.20301284394748,88.50645347144018,11.231906187015207,44.479522416414085
Apartment,1 B/R,Existing Properties,Al Jadaf,1030.9123002601264,1264,9.194728763767746,9.194728763767746,36.31939905938829,94.65441040561973,7.71391925731387,44.466866596904005
Apartment,Studio,Existing Properties,Jabal Ali First,989.1866406540321,1051,10.024881529778074,10.024881529778074,36.71715983356619,94.97837602437306,6.412997007268063,44.462976142192005
Apartment,1 B/R,Existing Properties,Saih Shuaib 2,702.01458565589,70,,,38.012428151859005,97.20803214879186,0.42142551762047276,44.451666008905256
Apartment,2 B/R,Existing Properties,Dubai Investment Park First,683.8854050538833,32,,,38.012428151859005,97.34879040801809,0.18933610211934282,44.4474756035729
Apartment,4 B/R,Existing Properties,Al Hebiah Fourth,677.9031958379785,10,,,38.012428151859005,97.39523736963447,0.0549685457765834,44.43453618078926
Apartment,4 B/R,Existing Properties,Me'Aisem First,937.1989966555184,44,15.640259389218558,15.640259389218558,39.407721301435494,95.38201755849148,0.26262749648812067,44.43021928741926
Villa,3 B/R,Existing Properties,Dubai Investment Park First,913.6752136752136,435,,,38.012428151859005,95.56466049285316,2.6507054296707997,44.40451049453371
Apartment,4 B/R,Existing Properties,Wadi Al Safa 2,690.3641768859161,2,,,38.012428151859005,97.29848804383401,0.006107616197398156,44.39573919713329
Apartment,2 B/R,Existing Properties,Wadi Al Safa 7,727.1655518394649,49,,,38.012428151859005,97.01275546775608,0.29316557747511146,44.36743101656545
Apartment,4 B/R,Existing Properties,Al Jadaf,1410.8284559643255,84,20.629327444754253,20.629327444754253,41.798191650324796,91.7046721961098,0.5069321443840469,44.33206474783967
Apartment,1 B/R,Existing Properties,Al Khairan First,1754.0440356744707,1797,13.872294344605262,13.872294344605262,38.560615595524844,89.0398839412024,10.969278690527087,44.33006715867608
Apartment,2 B/R,Existing Properties,Al Barshaa South Second,761.3684503901895,229,11.730070401901347,11.730070401901347,37.53418685999528,96.74719793561044,1.3925364930067794,44.316341423282594
Apartment,1 B/R,Existing Properties,Nad Al Shiba First,1012.463768115942,1014,9.722362244819504,9.722362244819504,36.57221024125541,94.79764816836821,6.187015207964332,44.30558158860549
Apartment,1 B/R,Existing Properties,Al Thanyah First,994.7624024526199,362,13.510602244790462,13.510602244790462,38.38731384248994,94.93508479451228,2.204849447260734,44.27642086480181
Apartment,2 B/R,Existing Properties,Al Barshaa South Third,803.051839464883,1099,6.328379437821674,6.328379437821674,34.946011685842585,96.42356051295968,6.706162584743175,44.246705345173574
Apartment,3 B/R,Existing Properties,Palm Jumeirah,1599.5835655890005,2470,7.172770411544249,7.172770411544249,35.35059457849604,90.23914315571372,15.079704391376046,44.22792165638774
Apartment,2 B/R,Existing Properties,Zaabeel First,3167.996098104794,59,41.59968712770696,41.59968712770696,51.84596459501748,78.06170267056054,0.35424173944909304,44.22774498706497
Apartment,1 B/R,Existing Properties,Madinat Al Mataar,757.4786324786326,999,6.285779048399531,6.285779048399531,34.92560006454755,96.77739919014907,6.09540096500336,44.222539975864414
Apartment,1 B/R,Existing Properties,Wadi Al Safa 7,839.7064288368637,93,,,38.012428151859005,96.13896760686436,0.5619006901606303,44.15904168083503
Apartment,5 B/R,Existing Properties,Nadd Hessa,796.1882199925678,2,,,38.012428151859005,96.47685090429748,0.006107616197398156,44.149248055272324
Apartment,Studio,Existing Properties,Madinat Hind 4,907.092159048681,136,13.165542711736157,13.165542711736157,38.22198144509907,95.61577252764195,0.8245281866487509,44.138429973661964
Apartment,2 B/R,Existing Properties,Al Barsha South Fifth,719.538972500929,710,7.171267891223243,7.171267891223243,35.34987465841558,97.07196961841794,4.330299883955292,44.12760072568267
Apartment,4 B/R,Existing Properties,Madinat Al Mataar,839.2154403567447,3,,,38.012428151859005,96.1427797308251,0.012215232394796311,44.05024822647009
Apartment,Studio,Existing Properties,Wadi Al Safa 7,890.8723522853959,89,,,38.012428151859005,95.74170606071809,0.5374702253710377,44.03497712403323
Apartment,Studio,Existing Properties,Marsa Dubai,1736.6806020066892,1986,10.843390124353158,10.843390124353158,37.109341400115845,89.1746968018011,12.12361815183534,44.020869230953735
Villa,1 B/R,Existing Properties,Wadi Al Safa 3,857.4284652545523,4,,,38.012428151859005,96.00137048921957,0.018322848592194466,44.00904697722791
Apartment,4 B/R,Existing Properties,Jabal Ali First,870.758082497213,1,,,38.012428151859005,95.8978769138386,0.0,43.97433433489518
Apartment,1 B/R,Existing Properties,Al Hebiah Second,649.1671311780008,387,7.511525280737619,7.511525280737619,35.512906148780225,97.6183494080298,2.357539852195688,43.96217525236016
Apartment,1 B/R,Existing Properties,Al Barshaa South Second,868.1001486436269,275,10.879869181302285,10.879869181302285,37.12682003600969,95.91851359624486,1.6734868380870946,43.960979460894755
Apartment,3 B/R,Existing Properties,Al Barshaa South Third,794.2066146413973,135,10.840212333728497,10.840212333728497,37.10781878824151,96.49223644906243,0.8184205704513529,43.954482564105604
Villa,4 B/R,Existing Properties,Nad Al Shiba First,1330.2870680044591,544,14.732110931325204,14.732110931325204,38.972589541993,92.33001019752176,3.3164355951871984,43.95132599509117
Apartment,PENTHOUSE,Existing Properties,Marsa Dubai,1076.808574879227,283,13.285418431922125,13.285418431922125,38.27941889663641,94.29806337250348,1.72234776766628,43.94565612393887
Apartment,2 B/R,Existing Properties,Saih Shuaib 2,899.0979189892234,27,,,38.012428151859005,95.67784126308615,0.15879802113235203,43.94008324389592
Villa,2 B/R,Existing Properties,Wadi Al Safa 5,779.7493961352657,345,9.173958571548924,9.173958571548924,36.3094471950146,96.60448492597104,2.1010199719049654,43.92532835017814
Apartment,1 B/R,Existing Properties,Jabal Ali Industrial Second,733.6761426978819,486,7.571090746830489,7.571090746830489,35.54144644506959,96.96220605485743,2.9621938557381053,43.89767916563269
Apartment,2 B/R,Existing Properties,Madinat Hind 4,754.5029728725382,46,10.472668064554956,10.472668064554956,36.931713017066734,96.80050275315055,0.274842728882917,43.86780457854844
Apartment,Studio,Existing Properties,Al Hebiah First,943.3101077666296,14,,,38.012428151859005,95.33456977908976,0.07939901056617601,43.821221996583766
Villa,4 B/R,Existing Properties,Al Yufrah 1,915.8226495726497,70,11.727706972168894,11.727706972168894,37.5330544423505,95.54798740953193,0.42142551762047276,43.761903103323874
Apartment,Studio,Existing Properties,Madinat Al Mataar,841.5022296544037,712,6.72749244041797,6.72749244041797,35.13724335234673,96.12502468233052,4.342515116350088,43.76090776890786
Villa,5 B/R,Existing Properties,Hadaeq Sheikh Mohammed Bin Rashid,1118.29988851728,489,11.506606214563387,11.506606214563387,37.42711585837258,93.97591725851665,2.9805167043303,43.75972486177008
Apartment,5 B/R,Existing Properties,Al Safouh First,971.7010405053884,1,,,38.012428151859005,95.11413740777374,0.0,43.739212483075725
Villa,5 B/R,Existing Properties,Wadi Al Safa 5,995.333054626533,4,,,38.012428151859005,94.93065414712743,0.018322848592194466,43.687832074600266
Apartment,1 B/R,Existing Properties,Madinat Dubai Almelaheyah,1600.1551467855816,105,19.090346983191942,19.090346983191942,41.06080199760144,90.23470529522773,0.6351920845294081,43.621770804514775
Villa,3 B/R,Existing Properties,Al Yufrah 1,1055.4364083983648,214,11.701696488135372,11.701696488135372,37.52059173585897,94.46400076458872,1.300922250045807,43.607621373729366
Apartment,2 B/R,Existing Properties,Al Jadaf,984.3320327015981,718,7.368022904282934,7.368022904282934,35.44414818194322,95.0160680844618,4.379160813534478,43.55831186082272
Apartment,4 B/R,Existing Properties,Jabal Ali Industrial Second,1063.730258268302,3,,,38.012428151859005,94.39960580402185,0.012215232394796311,43.527296048429115
Apartment,3 B/R,Existing Properties,Wadi Al Safa 2,594.4031029357117,377,4.589362563262833,4.589362563262833,34.11277625417946,98.04354729495182,2.2964636902217066,43.51746742820167
Apartment,PENTHOUSE,Existing Properties,Al Thanyah First,1080.0032515793387,10,,,38.012428151859005,94.27325932090456,0.0549685457765834,43.49794276617028
Apartment,Studio,Existing Properties,Mirdif,1036.1875232255668,120,10.980157199862962,10.980157199862962,37.17487220367899,94.61345261398277,0.7268063274903805,43.399345931164504
Apartment,2 B/R,Existing Properties,Nad Al Shiba First,906.7735042735044,1092,3.007121473848451,3.007121473848451,33.35465863242389,95.61824662133833,6.663409271361387,43.36001929364333
Apartment,5 B/R,Existing Properties,Al Thanyah Fifth,881.2135358602751,48,9.294648551224215,9.294648551224215,36.36727479219514,95.81669887015786,0.2870579612777133,43.34933117018095
Villa,2 B/R,Existing Properties,Wadi Al Safa 3,1146.2899479747307,4,,,38.012428151859005,93.75859734034928,0.018322848592194466,43.33621503256683
Apartment,1 B/R,Existing Properties,Al Thanyah Third,1330.1902173913045,1227,6.945317677301355,6.945317677301355,35.2416124978892,92.33076216331723,7.487937458010139,43.29346113975288
Villa,5 B/R,Existing Properties,Wadi Al Safa 3,1193.912114455593,47,,,38.012428151859005,93.38885016856116,0.28095034508031513,43.27781638032801
Villa,2 B/R,Existing Properties,Saih Shuaib 2,619.3515421776292,24,5.884766729828228,5.884766729828228,34.733458356634706,97.84984306996799,0.14047517254015757,43.27643129815231
Apartment,1 B/R,Existing Properties,Zaabeel Second,2150.204384986994,305,22.559098825805734,22.559098825805734,42.7228255128395,85.96402285471102,1.8567153240090393,43.24968012635091
Apartment,2 B/R,Existing Properties,Al Kifaf,1522.851170568562,1282,8.5016263359188,8.5016263359188,35.98730481171057,90.8349074423876,7.823856348867038,43.21016542717392
Apartment,4 B/R,Existing Properties,Al Thanyah Third,1214.9860646599775,5,,,38.012428151859005,93.22522818194687,0.024430464789592623,43.177425808285584
Apartment,3 B/R,Existing Properties,Al Hebiah Sixth,1227.3936269044966,22,,,38.012428151859005,93.12889360946286,0.12825994014536127,43.16929133161154
Apartment,4 B/R,Existing Properties,Al Merkadh,1250.162578966927,12,,,38.012428151859005,92.95211131979013,0.06718377817137972,43.10404141231491
Apartment,3 B/R,Existing Properties,Business Bay,1267.8158677071722,1069,5.978044621547807,5.978044621547807,34.77815168049409,92.81504797163088,6.52293409882123,43.060361883451144
Apartment,6 B/R,Existing Properties,Palm Jumeirah,1267.3151244890375,3,,,38.012428151859005,92.81893583315376,0.012215232394796311,43.05309505716869
Apartment,2 B/R,Existing Properties,Al Merkadh,1583.857766629506,1374,7.382211569026353,7.382211569026353,35.45094656231846,90.36124112225035,8.385757039027668,42.96590236940802
Apartment,4 B/R,Existing Properties,Hadaeq Sheikh Mohammed Bin Rashid,1340.5481233742105,15,,,38.012428151859005,92.25034149525784,0.08550662676357418,42.897175034673666
Apartment,3 B/R,Existing Properties,Jabal Ali First,719.0085005574136,529,1.2312526303707385,1.2312526303707385,32.50376588720677,97.0760882991778,3.224821352226226,42.76929711508129
Apartment,4 B/R,Existing Properties,Marsa Dubai,1350.786882199926,844,6.83423852369025,6.83423852369025,35.18838984786091,92.17084590742165,5.148720454406645,42.756353802252185
Apartment,8 B/R,Existing Properties,Al Jadaf,1400.0000000000002,1,,,38.012428151859005,91.78874629990452,0.0,42.74159515071496
Apartment,Studio,Existing Properties,Al Merkadh,1577.7002043849873,1443,5.491054671283702,5.491054671283702,34.54481450742792,90.40904955670985,8.80718255664814,42.70207718131375
Apartment,9 B/R,Existing Properties,Palm Jumeirah,1422.0234113712374,1,,,38.012428151859005,91.61775252390918,0.0,42.69029701791636
Villa,3 B/R,Existing Properties,Al Hebiah Fourth,1624.5359531772574,417,12.509775398262036,12.509775398262036,37.90777600609101,90.04540827504998,2.5407683381176325,42.68488655257492
Apartment,PENTHOUSE,Existing Properties,Business Bay,851.4585655890005,71,5.309645515887906,5.309645515887906,34.45789382361213,96.04772187724564,0.4275331338178709,42.682980719382115
Apartment,3 B/R,Existing Properties,Al Safouh First,1156.2100520252695,45,9.07139167356126,9.07139167356126,36.26030312127421,93.68157584620947,0.26873511268551886,42.66234102490963
Apartment,5 B/R,Existing Properties,Al Jadaf,1524.1204477889262,10,13.757347286194488,13.757347286194488,38.50553967117097,90.82505254293373,0.0549685457765834,42.660725340503824
Apartment,3 B/R,Existing Properties,Al Jadaf,1198.6278335191378,666,5.194434372733858,5.194434372733858,34.40269136525604,93.35223646709518,4.061564771269773,42.57906044048492
Apartment,PENTHOUSE,Existing Properties,Al Hebiah Fourth,1501.6471571906357,4,,,38.012428151859005,90.99953926316368,0.018322848592194466,42.508497609411144
Apartment,2 B/R,Existing Properties,Al Wasl,1641.448810850985,971,8.160530805587474,8.160530805587474,35.82387173316376,89.91409376851175,5.924387711476211,42.48865436611427
Villa,4 B/R,Existing Properties,Al Hebiah Fourth,1343.363062058714,270,8.747750034614876,8.747750034614876,36.10523292921523,92.22848579875628,1.6429487571001038,42.439228662732994
Villa,3 B/R,Existing Properties,Jumeirah First,2051.1324786324785,27,18.745298004066434,18.745298004066434,40.89547465703753,86.73323517504843,0.15879802113235203,42.40992001955602
Apartment,6 B/R,Existing Properties,Al Jadaf,1554.1731698253438,9,,,38.012428151859005,90.59171773692557,0.048860929579185246,42.39225876773711
Apartment,6 B/R,Existing Properties,Marsa Dubai,1563.081568190264,7,,,38.012428151859005,90.52255130994425,0.03664569718438893,42.369065793163756
Apartment,3 B/R,Existing Properties,Al Khairan First,1890.612225938313,1481,6.899662087501679,6.899662087501679,35.219737002814306,87.97954364512263,9.03927197214927,42.28961228909237
Apartment,3 B/R,Existing Properties,Al Wasl,1625.6368450390191,608,8.938895218328069,8.938895218328069,36.19681854979869,90.03686075018055,3.7073230318206805,42.23125025133778
Villa,4 B/R,Existing Properties,Al Merkadh,2362.936640654032,37,21.443264786145445,21.443264786145445,42.188182939036636,84.31233088658931,0.2198741831063336,42.21294727821272
Apartment,1 B/R,Existing Properties,Madinat Hind 4,816.9439799331104,135,1.7241711217327538,1.7241711217327538,32.73994367129466,96.31569940482899,0.8184205704513529,42.15437140405683
Apartment,Studio,Existing Properties,Palm Jumeirah,2007.5141675956893,556,13.355599982271205,13.355599982271205,38.31304580115666,87.07189568413109,3.3897269895559763,42.12473242361319
Apartment,1 B/R,Existing Properties,Al Wasl,1622.4948903753252,533,8.793515601425517,8.793515601425517,36.127161118857686,90.06125545828888,3.2492518170158187,42.1190914484329
Apartment,1 B/R,Existing Properties,Al Hebiah First,927.0940170940172,113,2.9042119481218265,2.9042119481218265,33.30535039145997,95.46047445976126,0.6840530141085934,42.09709309733408
Villa,2 B/R,Existing Properties,Hadaeq Sheikh Mohammed Bin Rashid,1821.273225566704,94,,,38.012428151859005,88.51790426952473,0.5680083063580285,41.87394420287263
Apartment,Studio,Existing Properties,Al Jadaf,1308.6789297658866,552,3.486947480245361,3.486947480245361,33.58456326153495,92.49777971730053,3.3652965247663835,41.856218524757416
Apartment,3 B/R,Existing Properties,Al Barshaa South Second,912.1465068747677,7,1.4279794106725865,1.4279794106725865,32.598025883243956,95.57652965080476,0.03664569718438893,41.71949838797589
Villa,5 B/R,Existing Properties,Island 2,2776.2207357859534,13,23.91375741411568,23.91375741411568,43.3718988772788,81.10351791959737,0.07329139436877787,41.69447320566448
Apartment,2 B/R,Existing Properties,Zaabeel Second,2154.7152545522113,556,12.59646079364516,12.59646079364516,37.949310590313644,85.92899964204986,3.3897269895559763,41.63636952665161
Apartment,2 B/R,Existing Properties,Mirdif,1057.232905982906,352,0.5373123541535962,0.5373123541535962,32.17127019147126,94.45005243022902,2.1437732852867524,41.63227846271457
Apartment,Studio,Existing Properties,Jabal Ali Industrial Second,1123.3965068747675,202,2.233712780818897,2.233712780818897,32.984086307556716,93.93634618557687,1.2276308556770292,41.62006454983115
Apartment,3 B/R,Existing Properties,Al Merkadh,1457.2507896692678,312,5.3503793601032745,5.3503793601032745,34.47741110533874,91.34424074446417,1.8994686373908263,41.57413039295291
Apartment,5 B/R,Existing Properties,Al Kifaf,1908.5326086956525,3,,,38.012428151859005,87.84040653038113,0.012215232394796311,41.5595362663369
Apartment,4 B/R,Existing Properties,Mirdif,1132.821441843181,66,2.612778394176396,2.612778394176396,33.165712434706705,93.86316927435301,0.3969950528308801,41.50463476675476
Villa,3 B/R,Existing Properties,Al Hebiah First,1231.5198810850986,210,2.733949660978463,2.733949660978463,33.2237706366,93.09685662068014,1.2764917852562145,41.47386359789529
Villa,5 B/R,Existing Properties,Al Hebiah First,1165.769230769231,41,2.612298668275992,2.612298668275992,33.16548257804254,93.60735664186862,0.2443046478959262,41.397260953356785
Villa,4 B/R,Existing Properties,Me'Aisem First,1528.355165366035,269,5.543855385903074,5.543855385903074,34.570113529468266,90.79217342459108,1.6368411409027057,41.39306566734518
Apartment,1 B/R,Existing Properties,Al Hebiah Sixth,1150.2461910070606,50,2.2291634155625184,2.2291634155625184,32.981906517136835,93.72788034907803,0.2992731936725096,41.37098135031264
Apartment,4 B/R,Existing Properties,Al Khairan First,1795.7720178372354,151,8.93492775939455,8.93492775939455,36.19491757494017,88.71590028969618,0.9161424296097234,41.27596560280686
Apartment,Studio,Existing Properties,Saih Shuaib 2,999.9900130063174,11,4.6451608115560816e-05,4.6451608115560816e-05,31.913843715181926,94.89449667430955,0.06107616197398155,41.24610172076043
Villa,3 B/R,Existing Properties,Me'Aisem First,1305.824507617986,204,1.8975037975322628,1.8975037975322628,32.822994577271515,92.51994197060121,1.2398460880718256,41.13314963970334
Apartment,3 B/R,Existing Properties,Hessyan First,578.4954477889261,25,-5.994368942552386,-5.994368942552386,29.041669573807617,98.16705722603966,0.14658278873755573,41.096101555082456
Apartment,2 B/R,Existing Properties,Jabal Ali Industrial Second,788.1085098476404,167,-4.45733217866745,-4.45733217866745,29.778127919999726,96.53958324504798,1.0138642887680938,41.075898999267906
Apartment,4 B/R,Existing Properties,Zaabeel Second,2653.3730490523967,30,18.541230077923636,18.541230077923636,40.79769721219743,82.05732972798495,0.17712086972454652,40.97170197721937
Apartment,Studio,Existing Properties,Al Barshaa South Second,1193.361204013378,141,-1.000008520599327,-1.000008520599327,31.434675715926303,93.39312753754645,0.8550662676357418,40.76282180116161
Villa,5 B/R,Existing Properties,Al Goze Fourth,483.0602006688964,39,-9.058476900412703,-9.058476900412703,27.573527801130524,98.90803386190338,0.2320894155011299,40.74823916212345
Villa,5 B/R,Existing Properties,Jumeirah First,2275.1230955035303,10,,,38.012428151859005,84.99413124057226,0.0549685457765834,40.714204342070595
Apartment,2 B/R,Existing Properties,Madinat Dubai Almelaheyah,1746.8478260869565,99,5.601558681640828,5.601558681640828,34.59776158236288,89.09575662275391,0.5985463873450192,40.68754089724033
Apartment,5 B/R,Existing Properties,Jumeirah Second,2295.662393162393,2,,,38.012428151859005,84.83466039367303,0.006107616197398156,40.65659090208499
Apartment,1 B/R,Existing Properties,Al Kifaf,1609.2196209587514,645,-0.0324449647954638,-0.0324449647954638,31.89827572399769,90.16432706725224,3.933304831124412,40.59526937599963
Villa,3 B/R,Existing Properties,Wadi Al Safa 3,1079.721293199554,133,-3.307249029195397,-3.307249029195397,30.329180669123826,94.27544849710529,0.8062053380565565,40.575547884392435
Apartment,3 B/R,Existing Properties,Al Thanyah Third,1180.0752508361204,583,-5.101152892843885,-5.101152892843885,29.469646594407894,93.4962820971731,3.5546326268857267,40.54766979229223
Apartment,3 B/R,Existing Properties,Al Kifaf,1765.4580081753995,222,4.24268854275518,4.24268854275518,33.94667028859049,88.95126378040435,1.3497831796249924,40.5340038854825
Apartment,3 B/R,Existing Properties,Wadi Al Safa 5,736.8766257896693,71,-7.519820575100367,-7.519820575100367,28.310762146673074,96.93735692137629,0.4275331338178709,40.49101856184569
Apartment,3 B/R,Existing Properties,Al Barsha South Fifth,768.3175399479748,102,-7.715056854787871,-7.715056854787871,28.217216311574152,96.69324393896635,0.6168692359372137,40.41823355350701
Apartment,1 B/R,Existing Properties,Zaabeel First,3593.059736157562,25,26.45314582705729,26.45314582705729,44.58862565628406,74.7614311874658,0.14658278873755573,40.29319617650088
Apartment,5 B/R,Existing Properties,Al Thanyah Third,1227.0837978446675,8,-3.2371179415708107,-3.2371179415708107,30.36278339485051,93.13129917869827,0.04275331338178709,40.093053774226036
Apartment,3 B/R,Existing Properties,Jabal Ali Industrial Second,738.501254180602,78,-10.136939136669854,-10.136939136669854,27.05679161523924,96.9247430107304,0.47028644719965795,39.994196838754746
Apartment,PENTHOUSE,Existing Properties,Al Barsha South Fourth,602.2770345596433,57,-12.69142744938858,-12.69142744938858,25.83282984519224,97.98241265610729,0.3420265070542967,39.79626103631995
Villa,4 B/R,Existing Properties,Wadi Al Safa 3,1476.1752136752136,317,-3.976102120604153,-3.976102120604153,30.00870528875664,91.19730807064872,1.9300067183778171,39.748675880372836
Apartment,1 B/R,Existing Properties,Jumeirah First,2296.1733556298777,310,5.6581315963772365,5.6581315963772365,34.62486802262833,84.83069318803743,1.8872534049960301,39.67660584646176
Apartment,3 B/R,Existing Properties,Madinat Dubai Almelaheyah,2020.4180602006688,34,3.752941406986232,3.752941406986232,33.712012033085216,86.9717075123547,0.20155133451413912,39.616627333843326
Apartment,3 B/R,Existing Properties,Zaabeel Second,2564.3162393162397,297,7.930173244297944,7.930173244297944,35.713497828904416,82.74878301458939,1.807854394429854,39.47160491482455
Apartment,4 B/R,Existing Properties,Burj Khalifa,2875.7074507617986,239,11.6453857564621,11.6453857564621,37.49361091842157,80.33108494959396,1.453612654980761,39.387492383242964
Apartment,6 B/R,Existing Properties,Business Bay,2952.8927443329617,3,,,38.012428151859005,79.7318042761067,0.012215232394796311,39.12695559005457
Apartment,4 B/R,Existing Properties,Palm Jumeirah,1547.972408026756,506,-7.649023265206616,-7.649023265206616,28.248855755287405,90.63986158058883,3.0843461796860687,39.108370012228825
Apartment,4 B/R,Existing Properties,Business Bay,1476.9449089557786,121,-6.291484175997352,-6.291484175997352,28.8993092877086,91.19133201634128,0.7329139436877786,39.06370610872338
Villa,3 B/R,Existing Properties,Island 2,4731.001486436269,32,32.88189374816402,32.88189374816402,47.66890660551623,65.92624423740841,0.18933610211934282,38.883303133852884
Apartment,5 B/R,Existing Properties,Jumeirah First,3144.7473058342625,1,,,38.012428151859005,78.24221052698016,0.0,38.67763441883765
Apartment,2 B/R,Existing Properties,Jumeirah First,2476.964882943144,306,1.9675139226046132,1.9675139226046132,32.85653934480014,83.4269948507474,1.8628229402064373,38.54327878118556
Villa,4 B/R,Existing Properties,Al Hebiah First,1178.761612783352,198,-13.206363274501998,-13.206363274501998,25.58610263926675,93.50648142220716,1.2032003908874367,38.52702556054633
Apartment,Studio,Existing Properties,Hadaeq Sheikh Mohammed Bin Rashid,2110.8695652173915,61,-1.4810321480711377,-1.4810321480711377,31.204197256665623,86.26942555764035,0.3664569718438893,38.435797964327136
Villa,4 B/R,Existing Properties,Saih Shuaib 2,576.5737643998514,14,-22.21574424689914,-22.21574424689914,21.269332886553816,98.18197752578007,0.07939901056617601,37.97820621446878
Apartment,3 B/R,Existing Properties,Mirdif,941.4097918989224,203,-20.83412540825923,-20.83412540825923,21.931324030084316,95.3493241775036,1.2337384718744273,37.62407455965969
Apartment,4 B/R,Existing Properties,Jumeirah First,2633.137309550353,29,-2.1535429194867395,-2.1535429194867395,30.881969329429012,82.21444369408157,0.17101325352714836,37.051323490701506
Apartment,Studio,Existing Properties,Al Thanyah Third,1312.7104236343368,64,-18.8848476646423,-18.8848476646423,22.865304203534926,92.46647846483569,0.3847798204360838,36.9630211849519
Apartment,1 B/R,Existing Properties,Wadi Al Safa 4,822.3030471943516,15,-25.06092346070111,-25.06092346070111,19.906088995678587,96.27409063081275,0.08550662676357418,36.861764112867974
Apartment,5 B/R,Existing Properties,Business Bay,2211.837839093274,27,-8.482400146629598,-8.482400146629598,27.849550173099356,85.48548949456898,0.15879802113235203,36.81722652183691
Apartment,1 B/R,Existing Properties,Um Suqaim Third,2424.6920289855075,306,-8.190478547533464,-8.190478547533464,27.98942197261618,83.83285080692062,1.8628229402064373,36.718188619163946
Apartment,1 B/R,Existing Properties,Island 2,3644.4370122630994,73,6.9059280624578445,6.9059280624578445,35.22273929245495,74.36252866080662,0.4397483662126672,36.4858039884665
Apartment,2 B/R,Existing Properties,Um Suqaim Third,2375.9875510962465,177,-11.08431389250557,-11.08431389250557,26.60286490229358,84.21100124155504,1.0749404507420754,36.11943442353236
Apartment,Studio,Existing Properties,Madinat Dubai Almelaheyah,1767.8836863619474,28,-19.32624678878937,-19.32624678878937,22.653811494565254,88.932430373287,0.1649056373297502,35.77423483727816
Villa,4 B/R,Existing Properties,Al Thanyah Fifth,1409.302303976217,61,-23.98305512175588,-23.98305512175588,20.422540620626098,91.7165215180332,0.3664569718438893,35.75726409802918
Apartment,3 B/R,Existing Properties,Island 2,4328.518208844296,107,10.88385583393614,10.88385583393614,37.12873020736964,69.05119769036502,0.6474073169242045,35.69633285344221
Apartment,3 B/R,Existing Properties,Um Suqaim Third,2797.699739873653,50,-8.263798302239167,-8.263798302239167,27.954291423651757,80.93675102087923,0.2992731936725096,35.522596514458975
Apartment,4 B/R,Existing Properties,Wadi Al Safa 3,761.6727053140098,22,-37.553631159676016,-37.553631159676016,13.92031229363397,96.74483564498198,0.12825994014536127,34.61722759897726
Apartment,2 B/R,Existing Properties,Island 2,3938.549795615013,105,-0.6912196378685564,-0.6912196378685564,31.582629333719815,72.07898345765415,0.6351920845294081,34.38378518769005
Apartment,5 B/R,Existing Properties,Marsa Dubai,1629.6669453734671,182,-36.02943336898672,-36.02943336898672,14.650618952899237,90.00557031736744,1.105478531729066,33.08301438271574
Villa,5 B/R,Existing Properties,Wadi Al Safa 7,534.1778149386846,24,-48.3454904901493,-48.3454904901493,8.749482901908875,98.5111473970172,0.14047517254015757,33.08123241437674
Villa,3 B/R,Existing Properties,Al Barsha South Fifth,808.9223337049424,19,-45.18993079689342,-45.18993079689342,10.261443010873244,96.37798092675727,0.1099370915531668,33.03995890068711
Apartment,3 B/R,Existing Properties,Jumeirah First,2755.3892604979565,102,-22.23133320200053,-22.23133320200053,21.261863568732284,81.26525728681003,0.6168692359372137,33.007696460723366
Apartment,3 B/R,Existing Properties,Zaabeel First,4869.352703455965,16,1.0357633054980608,1.0357633054980608,32.41009880761782,64.8520601969357,0.09161424296097233,32.43798043072003
Villa,6 B/R,Existing Properties,Palm Jumeirah,6022.415923448532,2,,,38.012428151859005,55.89946740264343,0.006107616197398156,31.976033004776113
Villa,4 B/R,Existing Properties,Palm Jumeirah,2660.153288740245,75,-29.00614245114788,-29.00614245114788,18.015770220396746,82.00468671247587,0.4519635986074635,31.898106821622953
Apartment,4 B/R,Existing Properties,Al Kifaf,1111.2225938312895,14,-51.685388813281904,-51.685388813281904,7.149198475863635,94.03086666312022,0.07939901056617601,31.084819191394757
Apartment,3 B/R,Existing Properties,Jumeirah Second,6442.811687105165,5,12.75182444692151,12.75182444692151,38.023751789014106,52.63543814630514,0.024430464789592623,31.005018252455102
Villa,5 B/R,Existing Properties,Palm Jumeirah,5626.8938127090305,25,-22.236984729636934,-22.236984729636934,21.25915568640028,58.970373088640905,0.14658278873755573,26.224090758899894
Villa,7 B/R,Existing Properties,Palm Jumeirah,2752.625418060201,21,-66.60623389098316,-66.60623389098316,0.0,81.28671626274803,0.1221523239479631,24.410445343614
Apartment,4 B/R,Existing Properties,Island 2,4906.061408398365,11,-50.92422412740021,-50.92422412740021,7.513904186823607,64.56704712769805,0.06107616197398155,22.387891045433655
Apartment,4 B/R,Existing Properties,Jumeirah Second,9811.129691564474,2,-19.363280665369565,-19.363280665369565,22.6360670214725,26.483203843140302,0.006107616197398156,17.00060948477057
Apartment,2 B/R,Existing Properties,Jumeirah Second,13222.075436640656,1,,,38.012428151859005,0.0,0.0,15.204971260743603
